id,split,vessel_px,background_px,vessel_pct,fov_px,green_mean,green_std,green_p5,green_p95,rgb_mean_r,rgb_mean_g,rgb_mean_b,contrast_p95_p5
21,test,24650,200950,10.926,225600,117.824,19.966,97.0,145.0,198.865,117.824,76.506,48.0
22,test,29800,197886,13.088,227686,98.991,19.227,76.0,124.0,206.156,98.991,54.318,48.0
23,train,21714,206473,9.516,228187,118.001,28.338,81.0,169.0,246.223,118.001,61.87,88.0
24,train,38215,189511,16.781,227726,118.212,20.024,96.0,147.0,230.043,118.212,66.041,51.0
25,train,31664,195698,13.927,227362,86.935,15.981,68.0,100.0,170.523,86.935,49.904,32.0
26,val,27496,197596,12.215,225092,62.825,10.309,51.0,77.0,131.879,62.825,34.254,26.0
27,train,29071,198755,12.76,227826,109.624,22.056,91.0,133.0,216.665,109.624,68.958,42.0
28,train,32209,195118,14.169,227327,112.225,19.473,90.0,136.0,171.22,112.225,65.105,46.0
29,val,27738,199571,12.203,227309,68.255,16.497,48.0,91.0,163.174,68.255,48.0,43.0
30,train,25877,201382,11.387,227259,58.224,12.867,45.0,82.0,129.834,58.224,34.129,37.0
31,train,19897,207804,8.738,227701,107.976,29.972,85.0,165.0,208.522,107.976,62.036,80.0
32,train,26956,197988,11.983,224944,115.938,16.482,94.0,134.0,197.537,115.938,61.355,40.0
33,train,26679,201059,11.715,227738,118.216,20.997,98.0,143.0,205.936,118.216,71.267,45.0
34,train,32287,194255,14.252,226542,93.664,43.138,38.0,188.0,177.959,93.664,37.112,150.0
35,val,28612,199034,12.569,227646,85.715,21.193,59.0,118.0,188.539,85.715,56.081,59.0
36,test,35884,191333,15.793,227217,91.018,19.727,68.0,114.0,147.003,91.018,56.998,46.0
37,val,28841,198345,12.695,227186,93.457,21.521,68.0,126.0,153.415,93.457,65.608,58.0
38,test,28477,197747,12.588,226224,124.717,17.714,107.0,145.0,169.764,124.717,82.65,38.0
39,train,28348,199112,12.463,227460,91.16,14.959,75.0,113.0,170.819,91.16,50.603,38.0
40,train,25000,201974,11.014,226974,72.466,13.918,54.0,90.0,129.626,72.466,39.247,36.0
