epoch,dice_metric,loss,val_loss,val_dice,val_iou,val_thr,val_dice_at_0.5,lr
1,0.2257835566997528,0.5785812139511108,0.679755449295044,0.22097223311632286,0.12420954705130877,0.3,0.0,0.0010000000474974513
2,0.30751436948776245,0.48781776428222656,0.6389081478118896,0.23793233095069238,0.13503018932244784,0.3,0.0,0.0010000000474974513
3,0.40797996520996094,0.4187011122703552,0.6168538928031921,0.0,0.0,0.3,0.0,0.0010000000474974513
4,0.4676143527030945,0.3744150698184967,0.6427206993103027,0.0,0.0,0.3,0.0,0.0010000000474974513
5,0.5092165470123291,0.34747445583343506,0.6592905521392822,0.0,0.0,0.3,0.0,0.0010000000474974513
6,0.5432106852531433,0.32455959916114807,0.697206974029541,0.0,0.0,0.3,0.0,0.0010000000474974513
7,0.5643317103385925,0.3111841380596161,0.70926833152771,0.000319409447421656,0.0001597302333836188,0.3,1.7748118699417862e-05,0.0010000000474974513
8,0.5780744552612305,0.3029915988445282,0.7217410802841187,0.006128613072033154,0.0030737253727662647,0.3,0.002425830669936521,0.0010000000474974513
9,0.6012094616889954,0.2921163737773895,0.686501145362854,0.08550675181592161,0.04466286412711346,0.3,0.0522395537593106,0.0005000000237487257
10,0.6155723929405212,0.2794070541858673,0.8421139717102051,0.0,0.0,0.3,0.0,0.0005000000237487257
11,0.6242321729660034,0.2760719358921051,0.6356291174888611,0.24232594641055347,0.13786739692475167,0.3,0.19111579861649658,0.0005000000237487257
12,0.623689591884613,0.2751709520816803,0.5169385671615601,0.43149263026780155,0.27509761101184566,0.3,0.36839074155331286,0.0005000000237487257
13,0.635012686252594,0.2724202275276184,0.41672074794769287,0.5610012718233321,0.389855293711182,0.3,0.512677227456423,0.0005000000237487257
14,0.6371133923530579,0.2667928636074066,0.33486315608024597,0.6618268720127456,0.4945749232075816,0.3,0.6227677187762394,0.0005000000237487257
15,0.6428912281990051,0.26427432894706726,0.2617599666118622,0.7380835104212111,0.5848909309898738,0.3,0.7217620144143067,0.0005000000237487257
16,0.6564704179763794,0.25745007395744324,0.24010489881038666,0.7522298012201436,0.602859246001963,0.3,0.7474350474355245,0.0005000000237487257
17,0.6509231328964233,0.2612920105457306,0.23170724511146545,0.7591882067851373,0.6118479941411018,0.4,0.7563854863929028,0.0005000000237487257
18,0.6570113301277161,0.2569735646247864,0.21572905778884888,0.7793633569278408,0.638489235393016,0.4,0.777292576419214,0.0005000000237487257
19,0.6653595566749573,0.2512706518173218,0.2120700180530548,0.7841742053134051,0.6449725024262565,0.6,0.78153046866544,0.0005000000237487257
20,0.662533700466156,0.25487056374549866,0.20772968232631683,0.7842392269950389,0.6450604793380997,0.6,0.7836519108012581,0.0005000000237487257
21,0.6706022024154663,0.2485312521457672,0.21048882603645325,0.7800733240541106,0.6394427955674209,0.6,0.7796617659406168,0.0005000000237487257
22,0.6713555455207825,0.24900510907173157,0.20568324625492096,0.7863506073979708,0.6479223836729797,0.6,0.7856164807109604,0.0005000000237487257
23,0.6665726900100708,0.25245869159698486,0.21399138867855072,0.7816250802040661,0.6415308354631765,0.7,0.7751631235529363,0.0005000000237487257
24,0.678251326084137,0.2463253140449524,0.20541039109230042,0.7884846240009282,0.6508251068218653,0.6,0.7862985817906246,0.0005000000237487257
25,0.6823092699050903,0.24335339665412903,0.2095169723033905,0.7854605206729836,0.6467146881945838,0.7,0.7806619491716085,0.0005000000237487257
26,0.6699684262275696,0.2518092393875122,0.21100351214408875,0.7871194873660151,0.6489670492410219,0.7,0.7799324188016946,0.0005000000237487257
27,0.6793144345283508,0.24177701771259308,0.20872899889945984,0.7875602634616691,0.6495665225475481,0.7,0.782086764581034,0.0005000000237487257
28,0.6871984004974365,0.24063481390476227,0.26209086179733276,0.748537271393024,0.5981298957470618,0.7,0.7210888355386272,0.0005000000237487257
29,0.6885092854499817,0.24165146052837372,0.20522376894950867,0.7905853844600507,0.6536925999584434,0.7,0.7848072351333745,0.0005000000237487257
30,0.6850305795669556,0.23933225870132446,0.24615034461021423,0.7613790487811917,0.6146989908672151,0.7,0.740266965426481,0.0005000000237487257
31,0.687362015247345,0.23840436339378357,0.2230777144432068,0.776482210869763,0.6346309124134121,0.7,0.7642258554235501,0.0005000000237487257
32,0.6904608011245728,0.2384769469499588,0.24880315363407135,0.7650987426779359,0.619562688224227,0.7,0.7402259959868454,0.0005000000237487257
33,0.7023726105690002,0.23080287873744965,0.1987762749195099,0.7906241117844994,0.6537455554460475,0.6,0.7906219676338936,0.0005000000237487257
34,0.6946077942848206,0.23343317210674286,0.20471566915512085,0.7880765507619173,0.6502692486537567,0.7,0.7842278015500679,0.0005000000237487257
35,0.6898122429847717,0.237892284989357,0.19873973727226257,0.7930178593069027,0.6570253465817814,0.6,0.7914727833833088,0.0005000000237487257
36,0.6959763765335083,0.23339754343032837,0.20048144459724426,0.7933554757060713,0.657488978512794,0.7,0.7893832477029015,0.0005000000237487257
37,0.6916949152946472,0.23558703064918518,0.21391300857067108,0.7863217157002343,0.6478831547636238,0.7,0.7743023637557452,0.0005000000237487257
38,0.6870291233062744,0.23887546360492706,0.20878112316131592,0.7868800170113232,0.6486415425065731,0.7,0.7786008230452675,0.0005000000237487257
39,0.7026863694190979,0.22771604359149933,0.19748806953430176,0.7964841965267191,0.6617978710608612,0.7,0.7915733315093791,0.0002500000118743628
40,0.7103174328804016,0.2225729078054428,0.19276350736618042,0.799323295852732,0.6657273295065878,0.6,0.797242050475516,0.0002500000118743628
